磁力ECM蓝图 I*	1
多谱式ECM蓝图 I*	1
光雷达ECM蓝图 I*	1
雷达ECM蓝图 I*	1
引力ECM蓝图 I*	1
信号畸变放大器蓝图 I*	1
被动锁定器蓝图 I*	1
采矿调查芯片组蓝图 I*	1
冰矿开采激光器蓝图 I*	1
采矿器蓝图 I*	1
气云回收装置蓝图 I*	1
深层地核采矿激光器蓝图 I*	1
冰矿采集能力提升器蓝图 I*	1
采矿激光器提升器蓝图 I*	1
斑驳小行星采集晶体A型蓝图 I*	1
斑驳小行星采集晶体B型蓝图 I*	1
斑驳小行星采集晶体C型蓝图 I*	1
不稳定矿石采集晶体A型蓝图 I*	1
不稳定矿石采集晶体B型蓝图 I*	1
不稳定矿石采集晶体C型蓝图 I*	1
常见卫星矿石采集晶体A型蓝图 I*	1
常见卫星矿石采集晶体B型蓝图 I*	1
常见卫星矿石采集晶体C型蓝图 I*	1
非凡卫星矿石采集晶体A型蓝图 I*	1
非凡卫星矿石采集晶体B型蓝图 I*	1
非凡卫星矿石采集晶体C型蓝图 I*	1
罕见卫星矿石采集晶体A型蓝图 I*	1
罕见卫星矿石采集晶体B型蓝图 I*	1
罕见卫星矿石采集晶体C型蓝图 I*	1
基腹断岩小行星采集晶体A型蓝图 I*	1
基腹断岩小行星采集晶体B型蓝图 I*	1
基腹断岩小行星采集晶体C型蓝图 I*	1
聚合小行星采集晶体A型蓝图 I*	1
聚合小行星采集晶体B型蓝图 I*	1
聚合小行星采集晶体C型蓝图 I*	1
普通卫星矿石采集晶体A型蓝图 I*	1
普通卫星矿石采集晶体B型蓝图 I*	1
普通卫星矿石采集晶体C型蓝图 I*	1
普通小行星采集晶体A型蓝图 I*	1
普通小行星采集晶体B型蓝图 I*	1
普通小行星采集晶体C型蓝图 I*	1
深渊小行星采集晶体A型蓝图 I*	1
深渊小行星采集晶体B型蓝图 I*	1
深渊小行星采集晶体C型蓝图 I*	1
死亡空间小行星采集晶体A型蓝图 I*	1
死亡空间小行星采集晶体B型蓝图 I*	1
死亡空间小行星采集晶体C型蓝图 I*	1
稀有卫星矿石采集晶体A型蓝图 I*	1
稀有卫星矿石采集晶体B型蓝图 I*	1
稀有卫星矿石采集晶体C型蓝图 I*	1
测量探针发射器蓝图 I*	1
发现号测量探针蓝图 I*	1
凝视测量探针蓝图 I*	1
追求者测量探针蓝图 I*	1
船体扫描器蓝图 I*	1
大型结构维修器蓝图 I*	1
旗舰级结构维修器蓝图 I*	1
小型结构维修器蓝图 I*	1
中型结构维修器蓝图 I*	1
超大型巡航导弹发射器蓝图 I*	1
超大型鱼雷发射器蓝图 I*	1
反弹道导弹发射器蓝图 I*	1
快速鱼雷发射器蓝图 I*	1
炸弹发射器蓝图 I*	1
鞭挞巡航导弹蓝图*	1
鞭挞自动锁定轻型导弹蓝图 I*	1
鞭挞自动锁定巡航导弹蓝图 I*	1
鞭挞自动锁定重型导弹蓝图 I*	1
雷神巡航导弹蓝图*	1
雷神自动锁定轻型导弹蓝图 I*	1
雷神自动锁定巡航导弹蓝图 I*	1
雷神自动锁定重型导弹蓝图 I*	1
炼狱巡航导弹蓝图*	1
炼狱自动锁定轻型导弹蓝图 I*	1
炼狱自动锁定巡航导弹蓝图 I*	1
炼狱自动锁定重型导弹蓝图 I*	1
星爆巡航导弹蓝图*	1
星爆自动锁定轻型导弹蓝图 I*	1
星爆自动锁定巡航导弹蓝图 I*	1
星爆自动锁定重型导弹蓝图 I*	1
旗舰级电容器电池蓝图 I*	1
旗舰级电容注电器蓝图 I*	1
电容注电器装料 3200蓝图*	1
高速电容注电器装料—100蓝图*	1
高速电容注电器装料—150蓝图*	1
高速电容注电器装料—200蓝图*	1
高速电容注电器装料—25蓝图*	1
高速电容注电器装料—400蓝图*	1
高速电容注电器装料—50蓝图*	1
高速电容注电器装料—75蓝图*	1
高速电容注电器装料—800蓝图*	1
大黄蜂EC-300蓝图*	1
地精灵SD-300蓝图*	1
胡蜂EC-900蓝图*	1
金星EC-600蓝图*	1
狂战士TP-900蓝图*	1
蛮妖SD-900蓝图*	1
渗透者TD-600蓝图*	1
侍僧TD-300蓝图*	1
瓦尔基里TP-600蓝图*	1
武士TP-300蓝图*	1
战锤SD-600蓝图*	1
执政官TD-900蓝图*	1
反弹道导弹蓝图 I*	1
跃迁核心稳定器蓝图 I*	1
大型半导体记忆电池蓝图 I*	1
大型出口端口放大器蓝图 I*	1
大型动态燃料控制阀蓝图 I*	1
大型放射范围约束装置蓝图 I*	1
大型跟踪诊断子程序蓝图 I*	1
大型核心防御电容器安全管理装置蓝图 I*	1
大型核心防御节能装置蓝图 I*	1
大型横贯舱壁蓝图 I*	1
大型混合武器节能设备蓝图 I*	1
大型冷凝混合管理单元蓝图 I*	1
大型冷凝能量管理单元蓝图 I*	1
大型粒子散布放大器蓝图 I*	1
大型粒子散布投放器蓝图 I*	1
大型弥集进化演算法数据库蓝图 I*	1
大型纳米机器人加速器蓝图 I*	1
大型能量武器释放过滤器蓝图 I*	1
大型能量栅格子程序优化器蓝图 I*	1
大型水冷电子设备蓝图 I*	1
大型锁定系统辅助控制器蓝图 I*	1
大型锁定系统稳定器蓝图 I*	1
大型希格斯粒子锚 I蓝图*	1
大型信号干扰增效装置蓝图 I*	1
大型信号集中设备蓝图 I*	1
大型引力电容器升级蓝图 I*	1
大型引擎热能防护装置蓝图 I*	1
大型远程维修增效器蓝图 I*	1
大型跃迁核心优化系统蓝图 I*	1
大型指挥处理器蓝图 I*	1
旗舰级超空间速度调节器蓝图 I*	1
旗舰级核心防御力场扩张装置蓝图 I*	1
旗舰级横贯舱壁蓝图 I*	1
旗舰级三角装甲聚合器蓝图 I*	1
小型半导体记忆电池蓝图 I*	1
小型出口端口放大器蓝图 I*	1
小型动态燃料控制阀蓝图 I*	1
小型放射范围约束装置蓝图 I*	1
小型辅助纳米聚合器蓝图 I*	1
小型岗哨炮伤害增强设备蓝图 I*	1
小型跟踪诊断子程序蓝图 I*	1
小型核心防御电容器安全管理装置蓝图 I*	1
小型核心防御节能装置蓝图 I*	1
小型混合武器节能设备蓝图 I*	1
小型冷凝混合管理单元蓝图 I*	1
小型冷凝能量管理单元蓝图 I*	1
小型粒子散布放大器蓝图 I*	1
小型粒子散布投放器蓝图 I*	1
小型弥集进化演算法数据库蓝图 I*	1
小型纳米机器人加速器蓝图 I*	1
小型能量武器释放过滤器蓝图 I*	1
小型能量栅格子程序优化器蓝图 I*	1
小型水冷电子设备蓝图 I*	1
小型锁定系统辅助控制器蓝图 I*	1
小型锁定系统稳定器蓝图 I*	1
小型停滞无人机增强设备蓝图 I*	1
小型无人机采矿增量器蓝图 I*	1
小型无人机控制范围扩大装置蓝图 I*	1
小型无人机耐用性增强装置蓝图 I*	1
小型无人机维修加速器蓝图 I*	1
小型无人机巡航芯片蓝图 I*	1
小型无人机增速装置蓝图 I*	1
小型希格斯粒子锚 I蓝图*	1
小型信号干扰增效装置蓝图 I*	1
小型信号集中设备蓝图 I*	1
小型引力电容器升级蓝图 I*	1
小型引擎热能防护装置蓝图 I*	1
小型远程维修增效器蓝图 I*	1
小型跃迁核心优化系统蓝图 I*	1
小型指挥处理器蓝图 I*	1
中型半导体记忆电池蓝图 I*	1
中型冰矿采集器加速器蓝图 I*	1
中型出口端口放大器蓝图 I*	1
中型动态燃料控制阀蓝图 I*	1
中型放射范围约束装置蓝图 I*	1
中型岗哨炮伤害增强设备蓝图 I*	1
中型跟踪诊断子程序蓝图 I*	1
中型核心防御电容器安全管理装置 I 蓝图*	1
中型核心防御节能装置蓝图 I*	1
中型混合武器节能设备蓝图 I*	1
中型冷凝混合管理单元蓝图 I*	1
中型冷凝能量管理单元蓝图 I*	1
中型粒子散布放大器蓝图 I*	1
中型粒子散布投放器蓝图 I*	1
中型弥集进化演算法数据库蓝图 I*	1
中型能量武器释放过滤器蓝图 I*	1
中型能量栅格子程序优化器蓝图 I*	1
中型深层地核采矿优化I蓝图*	1
中型水冷电子设备蓝图 I*	1
中型锁定系统辅助控制器蓝图 I*	1
中型锁定系统稳定器蓝图 I*	1
中型停滞无人机增强设备蓝图 I*	1
中型无人机采矿增量器蓝图 I*	1
中型无人机控制范围扩大装置蓝图 I*	1
中型无人机耐用性增强装置蓝图 I*	1
中型无人机维修加速器蓝图 I*	1
中型无人机巡航芯片蓝图 I*	1
中型无人机增速装置蓝图 I*	1
中型希格斯粒子锚 I蓝图*	1
中型信号干扰增效装置蓝图 I*	1
中型信号集中设备蓝图 I*	1
中型引力电容器升级蓝图 I*	1
中型引擎热能防护装置蓝图 I*	1
中型跃迁核心优化系统蓝图 I*	1
中型指挥处理器蓝图 I*	1
远程感应增强器蓝图 I*	1
R.A.M. - 弹药科技蓝图*	1
R.A.M. - 电子元件蓝图*	1
R.A.M. - 护盾科技蓝图*	1
R.A.M. - 机器人技术蓝图*	1
R.A.M. - 能源科技蓝图*	1
R.A.M. - 武器科技蓝图*	1
R.A.M. - 装甲/船体科技蓝图*	1
轻型船体维护机器人蓝图 I*	1
轻型护盾维护机器人蓝图 I*	1
轻型装甲维护机器人蓝图 I*	1
中型船体维护机器人蓝图 I*	1
中型护盾维护机器人蓝图 I*	1
中型装甲维护机器人蓝图 I*	1
重型船体维护机器人蓝图 I*	1
重型护盾维护机器人蓝图 I*	1
重型装甲维护机器人蓝图 I*	1
护盾回充器蓝图 I*	1
旗舰级护盾回充增量器蓝图 I*	1
护盾回充增量增效器蓝图 I*	1
爆炸护盾增效器蓝图 I*	1
电磁护盾增效器蓝图 I*	1
动能护盾增效器蓝图 I*	1
热能护盾增效器蓝图 I*	1
旗舰级护盾扩展装置蓝图 I*	1
爆炸护盾增强器蓝图 I*	1
电磁护盾增强器蓝图 I*	1
动能护盾增强器蓝图 I*	1
热能护盾增强器蓝图 I*	1
苍鹭级蓝图*	1
富豪级蓝图*	1
刽子手级蓝图*	1
巨神兵级蓝图*	1
毛鲁斯级蓝图*	1
纳维达斯级蓝图*	1
狮鹫级蓝图*	1
探索级蓝图*	1
伊米卡斯级蓝图*	1
堡垒装备蓝图 I*	1
钸质轨道弹蓝图 XL*	1
反物质轨道弹蓝图 XL*	1
铅质轨道弹蓝图 XL*	1
铁质轨道弹蓝图 XL*	1
钍质轨道弹蓝图 XL*	1
钨质轨道弹蓝图 XL*	1
铱质轨道弹蓝图 XL*	1
铀质轨道弹蓝图 XL*	1
离子会战疾速炮蓝图 I*	1
三中子疾速加农炮蓝图 I*	1
双联1000mm磁轨炮蓝图 I*	1
富勒二茂铁能量导管蓝图*	1
富勒烯夹页蓝图*	1
机械电子接口节点蓝图*	1
金属富勒烯附甲蓝图*	1
纳米线复合材料蓝图*	1
神经视觉输出分析机蓝图*	1
应变神经可视接口蓝图*	1
优化纳米引擎蓝图*	1
战斗计算核心蓝图*	1
重配置的亚空间校准器蓝图*	1
自组装式纳米晶格蓝图*	1
大型安全货柜蓝图*	1
大型标准货柜蓝图*	1
大型货物集装箱蓝图*	1
大型审计安全密码集装箱蓝图*	1
巨大的安全货柜蓝图*	1
巨大的货物集装箱蓝图*	1
巨型货物集装箱蓝图*	1
空间站保险库集装箱蓝图*	1
空间站仓库货柜蓝图*	1
庞大的安全货柜蓝图*	1
庞大的货物集装箱蓝图*	1
小型安全货柜蓝图*	1
小型标准货柜蓝图*	1
小型货物集装箱蓝图*	1
小型审计安全密码集装箱蓝图*	1
中型安全货柜蓝图*	1
中型标准货柜蓝图*	1
中型货物集装箱蓝图*	1
中型审计安全密码集装箱蓝图*	1
货柜扫描器蓝图 I*	1
大型机动跃迁扰断器蓝图 I*	1
小型机动跃迁扰断器蓝图 I*	1
中型机动跃迁扰断器蓝图 I*	1
标量电容器单元蓝图*	1
超导体轨道蓝图*	1
磁脉冲推进器蓝图*	1
等离子推进器蓝图*	1
迪波特钛合金附甲蓝图*	1
电解电容器单元蓝图*	1
光雷达感应器组蓝图*	1
核反应堆机组蓝图*	1
恒定护盾发射器蓝图*	1
激光器定焦水晶蓝图*	1
粒子加速装置蓝图*	1
量子微处理器蓝图*	1
纳米机械微处理器蓝图*	1
偏阻护盾发射器蓝图*	1
热核反应击发装置蓝图*	1
碳化菲尔金属合成物附甲蓝图*	1
引力感应器组蓝图*	1
引力子反应器机组蓝图*	1
ECCM脚本蓝图*	1
导弹精确打击脚本蓝图*	1
导弹精准度干扰脚本蓝图*	1
导弹射程干扰脚本蓝图*	1
导弹射程脚本蓝图*	1
跟踪速度干扰脚本蓝图*	1
跟踪速度修正脚本蓝图*	1
扫描分辨率修正脚本蓝图*	1
扫描分辨率抑阻脚本蓝图*	1
锁定距离修正脚本蓝图*	1
锁定距离抑阻脚本蓝图*	1
最佳射程干扰脚本蓝图*	1
最佳射程提升脚本蓝图*	1
金属富勒烯镧反应配方*	1
拦截失效装置蓝图 I*	1
大型EMP立体炸弹蓝图 I*	1
大型等离子立体炸弹蓝图 I*	1
大型引力子立体炸弹蓝图 I*	1
大型质子立体炸弹蓝图 I*	1
小型EMP立体炸弹蓝图 I*	1
小型等离子立体炸弹蓝图 I*	1
小型引力子立体炸弹蓝图 I*	1
小型质子立体炸弹蓝图 I*	1
中型EMP立体炸弹蓝图 I*	1
中型等离子立体炸弹蓝图 I*	1
中型引力子立体炸弹蓝图 I*	1
中型质子立体炸弹蓝图 I*	1
冰矿采集器蓝图 I*	1
露天采矿器蓝图 I*	1
脉冲干扰器蓝图 I*	1
双联千兆级集束激光器蓝图 I*	1
双联千兆级脉冲激光器蓝图 I*	1
四联超级脉冲激光器蓝图 I*	1
渗透者EV-600蓝图*	1
侍僧EV-300蓝图*	1
执政官EV-900蓝图*	1
护盾能源继电器蓝图 I*	1
护盾通量线圈蓝图 I*	1
X射线晶体蓝图 XL*	1
标准晶体蓝图 XL*	1
多频晶体蓝图 XL*	1
伽玛晶体蓝图 XL*	1
红外晶体蓝图 XL*	1
射频晶体蓝图 XL*	1
微波晶体蓝图 XL*	1
紫外晶体蓝图 XL*	1
渡鸦级蓝图*	1
海燕级蓝图*	1
龙骑兵级蓝图*	1
弯刀级蓝图*	1
扫描测距阵列蓝图 I*	1
扫描定位阵列蓝图 I*	1
扫描精准阵列蓝图 I*	1
核心探针发射器蓝图 I*	1
延伸探针发射器蓝图 I*	1
核心扫描探针蓝图 I*	1
作战扫描探针蓝图 I*	1
电磁脉冲弹蓝图 XL*	1
定相等离子弹蓝图 XL*	1
核芯弹蓝图 XL*	1
聚变弹蓝图 XL*	1
贫铀弹蓝图 XL*	1
钛合金萨博弹蓝图 XL*	1
碳铅弹蓝图 XL*	1
质子弹蓝图 XL*	1
六联2500mm频射加农炮蓝图 I*	1
四联3500mm会战型火炮蓝图 I*	1
四联800mm频射加农炮蓝图 I*	1
民用数据分析仪蓝图*	1
数据分析仪蓝图 I*	1
遗迹分析仪蓝图 I*	1
索敌增强器蓝图 I*	1
重型停滞捕捉光束蓝图 I*	1
狂战士SW-900蓝图*	1
瓦尔基里SW-600蓝图*	1
武士SW-300蓝图*	1
隐秘诱导力场发生器蓝图 I*	1
诱导力场发生器蓝图 I*	1
微型跳跃力场发生器蓝图*	1
断崖级蓝图*	1
启示级蓝图*	1
送葬者级蓝图*	1
挑战级蓝图*	1
星空级蓝图*	1
尖端型隐形装置蓝图 I*	1
大型远程结构维修器蓝图 I*	1
旗舰级远程结构维修器蓝图 I*	1
小型远程结构维修器蓝图 I*	1
中型远程结构维修器蓝图 I*	1
旗舰级远程电容传输装置蓝图 I*	1
旗舰级远程护盾回充增量器蓝图 I*	1
旗舰级远程装甲维修器蓝图 I*	1
跃迁扰断力场发生器蓝图 I*	1
重型跃迁扰断器蓝图 I*	1
重型跃迁扰频器蓝图 I*	1
囤积者级蓝图*	1
恩赐者级蓝图*	1
狐鼬级蓝图*	1
环绕级蓝图*	1
克琉斯级蓝图*	1
猛犸级蓝图*	1
米亚莫斯级蓝图*	1
魔符级蓝图*	1
涅鲁斯级蓝图*	1
伊特龙级MKV蓝图*	1
电子炸弹蓝图*	1
榴霰炸弹蓝图*	1
涅槃炸弹蓝图*	1
保镖蓝图 I*	1
典狱官蓝图 I*	1
监护官蓝图 I*	1
卫兵蓝图 I*	1
采矿激光器力场增强弹药蓝图*	1
采矿激光优化弹药蓝图*	1
采矿设备保护弹药蓝图*	1
电子优势弹药蓝图*	1
电子增强弹药蓝图*	1
感应器优化弹药蓝图*	1
护盾扩展弹药蓝图*	1
护盾协调弹药蓝图*	1
机动规避弹药蓝图*	1
快速部署弹药蓝图*	1
快速修理弹药蓝图*	1
拦截机动弹药蓝图*	1
主动护盾防御弹药蓝图*	1
装甲电压强化弹药蓝图*	1
装甲强化弹药蓝图*	1
护盾指挥脉冲波蓝图 I*	1
开采先锋脉冲波蓝图 I*	1
信息战指挥脉冲波蓝图 I*	1
装甲指挥脉冲波蓝图 I*	1
25000mm钢附甲板蓝图 I*	1
爆炸电压薄膜蓝图 I*	1
爆炸涂层蓝图 I*	1
电磁电压薄膜蓝图 I*	1
电磁涂层蓝图 I*	1
动能电压薄膜蓝图 I*	1
动能涂层蓝图 I*	1
覆层电压薄膜蓝图 I*	1
覆层式涂层蓝图 I*	1
热能电压薄膜蓝图 I*	1
热能涂层蓝图 I*	1
旗舰级装甲维修器蓝图 I*	1
爆炸装甲增强器蓝图 I*	1
电磁装甲增强器蓝图 I*	1
动能装甲增强器蓝图 I*	1
热能装甲增强器蓝图*	1
自动锁定系统蓝图 I*	1